prefix,domain
KXNASDAQ100U,Economics / Finance
KXINXU,Economics / Finance
HIGHNY,Weather
HIGHCHI,Weather
NASDAQ100D,Economics / Finance
INXD,Economics / Finance
HIGHAUS,Weather
KXHIGHAUS,Weather
KXHIGHCHI,Weather
KXHIGHNY,Weather
KXHIGHDEN,Weather
KXHIGHMIA,Weather
KXHIGHPHIL,Weather
KXINX,Economics / Finance
USDJPY,Economics / Finance
EURUSD,Economics / Finance
HIGHMIA,Weather
KXHIGHLAX,Weather
KXTRUMPMENTION,Politics / Government
INX,Economics / Finance
NASDAQ100,Economics / Finance
WTI,Economics / Finance
KXNASDAQ100,Economics / Finance
TNOTED,Economics / Finance
KXSPOTIFYD,Entertainment / Awards
NASDAQ100U,Economics / Finance
EURUSDH,Economics / Finance
INXU,Economics / Finance
538APPROVE,Politics / Government
APRPOTUS,Politics / Government
NASDAQ100W,Economics / Finance
KXSECPRESSMENTION,Politics / Government
NASDAQ100DU,Economics / Finance
INXW,Economics / Finance
INXDU,Economics / Finance
KXSPOTIFY2D,Entertainment / Awards
USDJPYH,Economics / Finance
TNOTEW,Economics / Finance
KXOSCARWINNERS,Entertainment / Awards
KXTRUMPMENTIONB,Politics / Government
KXSPOTIFYGLOBALD,Entertainment / Awards
TSAW,Economics / Finance
WTIW,Economics / Finance
KXHIGHHOU,Weather
KXTSAW,Economics / Finance
GAS,Economics / Finance
KXAPRPOTUS,Politics / Government
RAINSEA,Weather
KXCITIESWEATHER,Weather
RAINNYC,Weather
FED,Economics / Finance
KXSPOTIFYARTISTD,Entertainment / Awards
FRM,Economics / Finance
KXNETFLIXRANKMOVIE,Entertainment / Awards
KXNETFLIXRANKSHOW,Entertainment / Awards
CPI,Economics / Finance
TOPSONG,Entertainment / Awards
KXRAINNYC,Weather
U3,Economics / Finance
KXTRUMPSAY,Politics / Government
KXVANCEMENTION,Politics / Government
KXFEDMENTION,Economics / Finance
KXTNFMENTION,Politics / Government
CPIYOY,Economics / Finance
CPICORE,Economics / Finance
KXSNFMENTION,Politics / Government
KXTOPSONG,Entertainment / Awards
KXGRAMMYWINNERS,Entertainment / Awards
KXTOPALBUM,Entertainment / Awards
CPICOREYOY,Economics / Finance
KXMRBEASTMENTION,Politics / Government
HURCAT,Weather
KXMVEMENTIONSSINGLE,Politics / Government
KXMAMDANIMENTION,Politics / Government
KXSURVIVORMENTION,Politics / Government
INXZ,Economics / Finance
KXSOUTHPARKMENTION,Politics / Government
NASDAQ100Z,Economics / Finance
KXPOWELLMENTION,Politics / Government
KXTORNADO,Weather
KXCPIYOY,Economics / Finance
KXSWIFTMENTION,Politics / Government
GDP,Economics / Finance
TORNADO,Weather
KXBERNIEMENTION,Politics / Government
KXUSDJPYH,Economics / Finance
KXJOBLESSCLAIMS,Economics / Finance
KX538APPROVE,Politics / Government
FLIGHTJFK,Weather
KXPAYROLLS,Economics / Finance
KXBILATERALMENTION,Politics / Government
RAINNYCM,Weather
KXBILLBOARDRUNNERUPSONG,Entertainment / Awards
FLIGHTORD,Weather
KXSPOTIFYSONGSMANCHILD,Entertainment / Awards
KXNYCMAYORDEBATEMENTION,Politics / Government
538APPROVEMIN,Politics / Government
KXUSDJPY,Economics / Finance
KXSNLMENTION,Politics / Government
KXEARNINGSMENTIONNVDA,Politics / Government
KXEURUSDH,Economics / Finance
KXCPI,Economics / Finance
KXU3,Economics / Finance
KXCPICOREYOY,Economics / Finance
KXBILLBOARDRUNNERUPALBUM,Entertainment / Awards
KXDJTCONF,Politics / Government
KXBIDENMENTION,Politics / Government
KXGOVSHUTLENGTH,Politics / Government
KXEURUSD,Economics / Finance
JOBLESS,Economics / Finance
KXKIMMELMENTION,Politics / Government
538APPROVEMAX,Politics / Government
SNOWNYM,Weather
KXCOLBERTMENTION,Politics / Government
PAYROLLS,Economics / Finance
VAXX,Politics / Government
GBP,Economics / Finance
CPIAPPAREL,Economics / Finance
KXEARNINGSMENTIONTSLA,Politics / Government
FEDDECISION,Economics / Finance
KXEARNINGSMENTIONAMZN,Politics / Government
CPIUSEDCAR,Economics / Finance
KXMMMENTION,Politics / Government
KXEARNINGSMENTIONUBER,Politics / Government
KXEARNINGSMENTIONAAPL,Politics / Government
EUROIMF,Economics / Finance
KXEARNINGSMENTIONMSFT,Politics / Government
TNOTE,Economics / Finance
KXEARNINGSMENTIONMETA,Politics / Government
KXCPICORE,Economics / Finance
KXRAINNYCM,Weather
KXNYCMDEBMENTION,Politics / Government
KXHURCAT,Weather
KXKAMALAMENTION,Politics / Government
KXLEAVITTMENTIONDURATION,Politics / Government
KXEARNINGSMENTIONGOOGL,Politics / Government
KXTRUMPMENTIONDURATION,Politics / Government
KXTNOTEW,Economics / Finance
KXEARNINGSMENTIONPLTR,Politics / Government
BANKRUPTS,Economics / Finance
CPIGAS,Economics / Finance
KXJPOWMENTION,Politics / Government
KXOSCARNOMINEESPIC,Entertainment / Awards
FLIGHTLAX,Weather
KXSPOTIFYARTISTW,Entertainment / Awards
KXADP,Economics / Finance
NASDAQ100M,Economics / Finance
KXEUROLEAGUEGAME,Economics / Finance
KXCOOPERMENTION,Politics / Government
CPIFOOD,Economics / Finance
KXSPOTIFYSONGSTFOO,Entertainment / Awards
KXEARNINGSMENTIONDIS,Politics / Government
KXTRUMPMEET,Politics / Government
GOLD,Economics / Finance
ASYLUMCASES,Politics / Government
NASDAQ100Y,Economics / Finance
KXEARNINGSMENTIONNFLX,Politics / Government
KXLEAVITTLATE,Politics / Government
KXACOOPERMENTION,Politics / Government
KXPCECORE,Economics / Finance
KXHEGSETHMENTION,Politics / Government
KXFEDDECISION,Economics / Finance
KXDJTJOINTSESSION,Politics / Government
KXDJTHANNITY,Politics / Government
INXM,Economics / Finance
GRAMAOTY,Entertainment / Awards
KXALTMANMENTION,Politics / Government
KXEUROVISION,Economics / Finance
CPISHELTER,Economics / Finance
KXGRAMMYNOMNAOTY,Entertainment / Awards
GRAMBNA,Entertainment / Awards
KXSTARMERMENTION,Politics / Government
KXSPOTIFYALBUMW,Entertainment / Awards
KXEARNINGSMENTIONAMD,Politics / Government
OSCARNOMPIC,Entertainment / Awards
GRAMROTY,Entertainment / Awards
KXTRUMPSAYMONTH,Politics / Government
KXWTI,Economics / Finance
OSCARPIC,Entertainment / Awards
KXTBPNMENTION,Politics / Government
KXSPOTIFYW,Entertainment / Awards
KXSPOTIFYSONGSOPALITE,Entertainment / Awards
GRAMSOTY,Entertainment / Awards
KXCPIGAS,Economics / Finance
EURO,Economics / Finance
KXISMPMI,Economics / Finance
KXEARNINGSMENTIONCOINBASE,Politics / Government
KXZELENSKYYMENTION,Politics / Government
KXEARNINGSMENTIONAMC,Politics / Government
KXEARNINGSMENTIONNKE,Politics / Government
KXEARNINGSMENTIONWMT,Politics / Government
KXTRUMPPARDON,Politics / Government
RAINNY,Weather
KXMELANIAMENTION,Politics / Government
KXBIDENPARDON,Politics / Government
CREDEF,Economics / Finance
KXEARNINGSMENTIONFDX,Politics / Government
KXGRAMMYNOMSOTY,Entertainment / Awards
KXCANDEBMENTION,Politics / Government
INXY,Economics / Finance
KXTRUMPLATE,Politics / Government
KXTNOTED,Economics / Finance
KXGRAMMYNOMROTY,Entertainment / Awards
KXTRUMPOFFICIAL,Politics / Government
KXOSCARMENTION,Politics / Government
KXBESSENTMTPMENTION,Politics / Government
KXGDP,Economics / Finance
KXDJTNATOMENTION,Politics / Government
KXSPOTIFY100MILLION,Entertainment / Awards
KXGRAMMYNOMAOTY,Entertainment / Awards
KXZUCKMENTION,Politics / Government
KXBANKRUPTS,Economics / Finance
KXDJTJUSTICEMENTION,Politics / Government
KXAOCMENTION,Politics / Government
KXSNOWNYM,Weather
KXEARNINGSMENTIONMU,Politics / Government
KXMIRANMENTION,Politics / Government
KXWALLERMENTION,Politics / Government
KXDJTLANDRY,Politics / Government
KXTRUMPZELENSKYY,Politics / Government
KXROGANMENTION,Politics / Government
538APPROVEY,Politics / Government
KX60MINMENTION,Politics / Government
KXJENSENMENTION,Politics / Government
KXVANCEINGRAHAM,Politics / Government
KXDJTFRENCHREP,Politics / Government
OSCARDIR,Entertainment / Awards
HIGHNY0,Weather
KXDJTWOMENS,Politics / Government
KXMAHERMENTION,Politics / Government
KXLEBRONMENTION,Politics / Government
OSCARSUPACTR,Entertainment / Awards
KXCONGRESSMENTION,Politics / Government
KXSCHUMERMENTION,Politics / Government
OSCARACTO,Entertainment / Awards
KXNETANYAHUMENTION,Politics / Government
KXWWDCMENTION,Politics / Government
KXDJTCPAC,Politics / Government
KXLATENIGHTMENTION,Politics / Government
OSCARACTR,Entertainment / Awards
KXECBMENTION,Politics / Government
KXLEAVITTSMFMENTION,Politics / Government
FRMMAX,Economics / Finance
KXSBMENTION,Politics / Government
OSCARSUPACTO,Entertainment / Awards
OSCARASPLAY,Entertainment / Awards
KXVLADTENEVMENTION,Politics / Government
KXSPOTIFYSONGSLORDEWWT,Entertainment / Awards
KXTRUMPNOMMAX,Politics / Government
OSCARSPLAY,Entertainment / Awards
KXZIWEMENTION,Politics / Government
KXFLIGHTORD,Weather
KXLUTNICKFTNMENTION,Politics / Government
SNOWNY,Weather
KXDJTUKRG7,Politics / Government
KXBTCMENTIONVANCE,Politics / Government
KXGOVTFUNDSVOTES,Politics / Government
KXOSCARPIC,Entertainment / Awards
KXDJTRGA,Politics / Government
KXFLIGHTLAX,Weather
GRAMMYNOMAOTY,Entertainment / Awards
KXEARNINGSMENTIONCOST,Politics / Government
GOVSHUT,Politics / Government
KXGRAMMYNOMBRA,Entertainment / Awards
KXCOSTAMENTION,Politics / Government
OSCARNOMACTR,Entertainment / Awards
KXDIMONMENTION,Politics / Government
KXCPIUSEDCAR,Economics / Finance
KXEARNINGSMENTIONBLK,Politics / Government
KXEARNINGSMENTIONLUCID,Politics / Government
KXTRUMPCALL,Politics / Government
KXAPPLEMENTION,Politics / Government
KXTHREADGUYMENTION,Politics / Government
KXEARNINGSMENTIONPYPL,Politics / Government
KXSPOTIFYSONG,Entertainment / Awards
KXSCOTUSMENTION,Politics / Government
KXCPIAPPAREL,Economics / Finance
KXEARNINGSMENTIONNIO,Politics / Government
KXFLIGHTJFK,Weather
KXSPOTIFYBILLIONS,Entertainment / Awards
TOPALBUMRECORDY,Entertainment / Awards
KXDJTINVESTMENT,Politics / Government
KXJOHNSONMENTION,Politics / Government
KXSNOWS,Weather
KXEARNINGSMENTIONORCL,Politics / Government
KXNEWSOMMENTION,Politics / Government
KXEARNINGSMENTIONF,Politics / Government
KXGRIFFINMENTION,Politics / Government
KXTRUMPPRESS,Politics / Government
KXBARRMENTION,Politics / Government
KXEARNINGSMENTIONJPM,Politics / Government
KXTRUMPPUTIN,Politics / Government
KXEARNINGSMENTIONSBUX,Politics / Government
KXKARDASHIANMENTION,Politics / Government
KXOSCARDIR,Entertainment / Awards
KXALTHOFFMENTION,Politics / Government
KXEARNINGSMENTIONBAC,Politics / Government
KXSPOTIFYSONGSWHATDIDIMISS,Entertainment / Awards
KXEARNINGSMENTIONDAL,Politics / Government
KXSPOTIFYSONGSALLICANTAKE,Entertainment / Awards
KXBARKLEYMENTION,Politics / Government
KXNADALMENTION,Politics / Government
KXOSCARSUPACTO,Entertainment / Awards
HIGHUS,Weather
KXEARNINGSMENTIONDKNG,Politics / Government
KXDILLONMENTION,Politics / Government
OSCARCOUNTDUNE2,Entertainment / Awards
KXEARNINGSMENTIONUAL,Politics / Government
KXEARNINGSMENTIONCBRL,Politics / Government
FRMMIN,Economics / Finance
KXCPIFOOD,Economics / Finance
KXEARNINGSMENTIONPG,Politics / Government
KXOSCARSUPACTR,Entertainment / Awards
KXOSCARACTR,Entertainment / Awards
KXEARNINGSMENTIONINTC,Politics / Government
KXEARNINGSMENTIONHIMS,Politics / Government
NETFLIXSUBS,Entertainment / Awards
KXBUSHMENTION,Politics / Government
KXOSCARGUESTS,Entertainment / Awards
KXEARNINGSMENTIONTSMC,Politics / Government
KXEARNINGSMENTIONTGT,Politics / Government
KXSPOTIFY100MILLIONSWIFT,Entertainment / Awards
KXEARNINGSMENTIONGS,Politics / Government
KXEARNINGSMENTIONCAVA,Politics / Government
KXSPOTIFYALBUMTSWIFT,Entertainment / Awards
KXSPOTIFYALBUMRELEASE,Entertainment / Awards
KXEARNINGSMENTIONHOOD,Politics / Government
KXEARNINGSMENTIONROKU,Politics / Government
KXEARNINGSMENTIONSNAP,Politics / Government
KXEARNINGSMENTIONLYFT,Politics / Government
KXEARNINGSMENTIONCELH,Politics / Government
KXEARNINGSMENTIONRKLB,Politics / Government
KXZAKARIAMENTION,Politics / Government
OSCARNOMSUPACTO,Entertainment / Awards
KXACKMANMENTION,Politics / Government
KXOSCARNOMDIR,Entertainment / Awards
KXEARNINGSMENTIONAAL,Politics / Government
KXSHAQMENTION,Politics / Government
GOVSHUTLENGTH,Politics / Government
KXSPOTIFYSUBS,Entertainment / Awards
KXBTCMENTIONULBRICHT,Politics / Government
KXBENIOFFMENTION,Politics / Government
KXREEVESMENTION,Politics / Government
KXEARNINGSMENTIONMCD,Politics / Government
KXOSCARSOUND,Entertainment / Awards
TOPALBUMRECORD,Entertainment / Awards
KXSPOTIFYSONGSAMERICANHEART,Entertainment / Awards
KXTRUMPSAYMAM,Politics / Government
KXOSCARNOMSUPACTR,Entertainment / Awards
KXASYLUMCASES,Politics / Government
KXDJTMEXG7,Politics / Government
KXSPOTIFYSONGSJUSTKEEPWATCHING,Entertainment / Awards
KXSPOTIFYSONGSTLOASG,Entertainment / Awards
KXEARNINGSMENTIONCMG,Politics / Government
KXOSCARSPLAY,Entertainment / Awards
KXCUOMOMENTION,Politics / Government
KXEARNINGSMENTIONAXP,Politics / Government
KXOSCARWIN,Entertainment / Awards
KXTRUMPFAV,Politics / Government
KXSPOTIFYSONGSEDSHEERANOLDPHONE,Entertainment / Awards
KXOSCARASPLAY,Entertainment / Awards
GASM,Economics / Finance
KXSPOTIFYSONGSALAMBREPUA,Entertainment / Awards
KX538STATES,Politics / Government
KXCPISHELTER,Economics / Finance
KXEARNINGSMENTIONPEP,Politics / Government
KXOSCARCINE,Entertainment / Awards
KXEARNINGSMENTIONCRWV,Politics / Government
KXSPOTIFYSONGSMANOFTHEYEAR,Entertainment / Awards
KXEUROVISIONJURY,Economics / Finance
KXEARNINGSMENTIONRDDT,Politics / Government
KXEUROVISIONTELEV,Economics / Finance
KXGOVTFUNDHVOTES,Politics / Government
KXFRANKLINMENTION,Politics / Government
KXEARNINGSMENTIONADOBE,Politics / Government
KXEARNINGSMENTIONABNB,Politics / Government
KXMINAJMENTION,Politics / Government
KXTOPALBUMRECORDMWITP,Entertainment / Awards
KXOSCARACTO,Entertainment / Awards
KXEARNINGSMENTIONNBIS,Politics / Government
KXEARNINGSMENTIONKO,Politics / Government
KXEARNINGSMENTIONHD,Politics / Government
KXOSCARVIS,Entertainment / Awards
KXFEDGOVMENTION,Economics / Finance
KXHIGHMOVKH,Weather
KXOSCARANIMATED,Entertainment / Awards
KXSPOTIFYSONGSEASYLOVER,Entertainment / Awards
KXGRAMBNA,Entertainment / Awards
KXGRAMSOTY,Entertainment / Awards
KXOSCARCOUNTBRUTALIST,Entertainment / Awards
KXGRAMAOTY,Entertainment / Awards
KXGRAMROTY,Entertainment / Awards
KXEARNINGSMENTIONDOLLARGENERAL,Politics / Government
KXGRAMBRP,Entertainment / Awards
WTIMAX,Economics / Finance
KXOSCARNOMDOCU,Entertainment / Awards
KXSPOTIFYSONGSVICTORYLAP,Entertainment / Awards
KXEARNINGSMENTIONALIBABA,Politics / Government
KXEARNINGSMENTIONMSTR,Politics / Government
KXSPOTIFYSONGSMCMORETOLOSE,Entertainment / Awards
CPIEU,Economics / Finance
OSCARNOMACTO,Entertainment / Awards
KXSPOTIFYVIRALD,Entertainment / Awards
KXGRAMMYCOUNTCHARLIXCX,Entertainment / Awards
KXDJTCANG7,Politics / Government
BILLBOARDPEAKPPP,Entertainment / Awards
PCECORE,Economics / Finance
BILLBOARDPEAKPMAD,Entertainment / Awards
KXGRAMMYCOUNTBEYONCE,Entertainment / Awards
KXOSCARPROD,Entertainment / Awards
KXOSCARDOCU,Entertainment / Awards
KXGRAMMYCOUNTKENDRICK,Entertainment / Awards
BILLBOARDPEAKTASTE,Entertainment / Awards
KXEARNINGSMENTIONCRCL,Politics / Government
KXINXE,Economics / Finance
OSCARCOUNTOPPENHEIMER,Entertainment / Awards
KXVIEWMENTION,Politics / Government
KXSPOTIFYSONGSSLMPT2,Entertainment / Awards
GDPW,Economics / Finance
BILLBOARDPEAKLLL,Entertainment / Awards
KXOSCARCOUNTCONCLAVE,Entertainment / Awards
KXOSCARSONG,Entertainment / Awards
KXGRAMMYCOUNTSWIFT,Entertainment / Awards
SPOTIFYSUBS,Entertainment / Awards
KXVANCE,Politics / Government
KXOSCARCOSTUME,Entertainment / Awards
KXSPOTIFYSONGSOUTSIDE,Entertainment / Awards
KXSPOTIFYSONGSJEALOUSTYPE,Entertainment / Awards
FEDRATEMIN,Economics / Finance
KXOSCARCOUNTANORA,Entertainment / Awards
KXSPOTIFYSONGSFAMEISAGUN,Entertainment / Awards
INXB,Economics / Finance
KXGRAMMYCOUNTSABRINA,Entertainment / Awards
KXOSCARCOUNTWICKED,Entertainment / Awards
KXGRAMMYCOUNTCHAPPELL,Entertainment / Awards
KXGOVNJNOMD,Politics / Government
KXTOPSONGRECORDGOLDEN,Entertainment / Awards
KXGRAMMYCOUNTPOSTMALONE,Entertainment / Awards
KXSPOTIFYSONGSONMYMIND,Entertainment / Awards
TOPSONGRECORDIHSH,Entertainment / Awards
KXGRAMBPVA,Entertainment / Awards
GRAMMYCOUNTSZA,Entertainment / Awards
KXSPOTIFYSONGSTEARS,Entertainment / Awards
KXSPOTIFYSONGSDAISIES,Entertainment / Awards
OSCARCOUNTBARBIE,Entertainment / Awards
KXGOLDENBACHELOR,Economics / Finance
KXOSCARMAH,Entertainment / Awards
KXSPOTIFYSONGSMONEYONMONEY,Entertainment / Awards
KXSPOTIFYSONGSWHICHONE,Entertainment / Awards
KXGRAMBCA,Entertainment / Awards
KXGRAMBPS,Entertainment / Awards
KXGRAMBRA,Entertainment / Awards
KXSPOTIFYSONGSFRIENDOFMINE,Entertainment / Awards
KXTOPALBUMRECORDGNXS,Entertainment / Awards
KXGRAMMYCOUNTBILLIE,Entertainment / Awards
KXOSCARDS,Entertainment / Awards
CREDITCDEF,Economics / Finance
KXHIGHMOVDJT,Weather
KXGRAMBRS,Entertainment / Awards
KXINXMAXY,Economics / Finance
KXSPOTIFYSONGSJUMP,Entertainment / Awards
KXOSCARINTLFILM,Entertainment / Awards
KXOSCARCOUNTEMILIAPEREZ,Entertainment / Awards
EURUSDMAX,Economics / Finance
WTIMIN,Economics / Finance
KXSPOTIFYGNX,Entertainment / Awards
KXGRAMBCS,Entertainment / Awards
KXOSCARCOUNTACU,Entertainment / Awards
KXOSCAREDIT,Entertainment / Awards
KXSPOTIFYSONGSLEAVEMEALONE,Entertainment / Awards
KXOSCARCOUNTSUBSTANCE,Entertainment / Awards
KXGRAMBRBS,Entertainment / Awards
KXGRAMPOTY,Entertainment / Awards
TOPSONGRECORD,Entertainment / Awards
KXTRUMPFEMA,Politics / Government
KXSPOTIFYSONGSEOS,Entertainment / Awards
TOPSONGRECORDPPP,Entertainment / Awards
KXTRUMPVISITSTATES,Politics / Government
KXSPOTIFYSONGSMOMMASONG,Entertainment / Awards
KXGOVTRECOGSYRIA,Politics / Government
BILLBOARDPEAKWW,Entertainment / Awards
KXSPOTIFYSONGSPARACHUTE,Entertainment / Awards
GRAMMYCOUNTSWIFT,Entertainment / Awards
KXTRUMPCOUNTIRAN,Politics / Government
OSCARANIMATED,Entertainment / Awards
KXOSCARLAS,Entertainment / Awards
KXGRAMSWOTY,Entertainment / Awards
KXSPOTIFYTOP,Entertainment / Awards
KXSPOTIFYSONGSBLOODLINE,Entertainment / Awards
KXOSCARSCORE,Entertainment / Awards
EURUSDMIN,Economics / Finance
OSCARVIS,Entertainment / Awards
KXOSCARAS,Entertainment / Awards
KXGRAMBPDGP,Entertainment / Awards
KXTOPALBUMRECORDTLOASG,Entertainment / Awards
KXSPOTIFYSONGSSUBWAY,Entertainment / Awards
RAINNO,Weather
KXINXHIGH,Economics / Finance
KXSPOTIFYSONGSWKNDOECHIIREMIX,Entertainment / Awards
KXSPOTIFYSONGSSHAPESHIFTER,Entertainment / Awards
KXINXMINY,Economics / Finance
KXSPOTIFYSONGSKILLINGITGIRL,Entertainment / Awards
OSCARPROD,Entertainment / Awards
KXSPOTIFY3BILLION,Entertainment / Awards
KXTOPSONGS,Entertainment / Awards
CREDEFMAX,Economics / Finance
BILLBOARDPEAKCHIHIRO,Entertainment / Awards
KXTOPSONGRECORDORDINARY,Entertainment / Awards
OSCARSONG,Entertainment / Awards
KXINXMINW,Economics / Finance
KXSPOTIFYSONGSETERNITY,Entertainment / Awards
BILLBOARDPEAKNLG,Entertainment / Awards
OSCARCOSTUME,Entertainment / Awards
KXTOPSONGRECORDLUTHER,Entertainment / Awards
KXTRUMPNATSEC,Politics / Government
BILLBOARDPEAKTGIF,Entertainment / Awards
KXEARNINGSMENTIONGME,Politics / Government
KXGRAMMYNOMCOUNTSC,Entertainment / Awards
GRAMBRS,Entertainment / Awards
BILLBOARDPEAKHOUDINI,Entertainment / Awards
BILLBOARDPEAKGLB,Entertainment / Awards
BILLBOARDPEAK,Entertainment / Awards
KXSPOTIFYSONGSTWHF,Entertainment / Awards
KXSPOTIFYSONGSBANNEDFROMNO,Entertainment / Awards
KXTOPALBUMRECORDAMITHEDRAMA,Entertainment / Awards
GDPCN,Economics / Finance
OSCARSOUND,Entertainment / Awards
KXTOPALBUMRECORDMBF,Entertainment / Awards
BANKRUPTSY,Economics / Finance
KXGRAMMYNOMCOUNTBB,Entertainment / Awards
CPICN,Economics / Finance
KXTOPSONGRECORDMANCHILD,Entertainment / Awards
KXSPOTIFYSONGSLOST,Entertainment / Awards
KXSPOTIFYSONGSDEALER,Entertainment / Awards
KXTRUMPSAYNICKNAME,Politics / Government
KXSPOTIFYSONGSHOLYBLIDFOLD,Entertainment / Awards
KX538APPROVEMAX,Politics / Government
USDJPYMAX,Economics / Finance
KXSPOTIFYSONGSALLNIGHT,Entertainment / Awards
KXSPOTIFYSONGSHAMMER,Entertainment / Awards
KXEUROVISIONHOST,Economics / Finance
KXSPOTIFYSONGSHALFTHEPLOT,Entertainment / Awards
KXSPOTIFYALBUMRELEASEDATEKANYE,Entertainment / Awards
KXSPOTIFYCOSTARICAD,Entertainment / Awards
KXSPOTIFYSONGSTYLABLISS,Entertainment / Awards
KXSPOTIFYSONGSMRELECTRICBLUE,Entertainment / Awards
KXGRAMMYNOMCOUNTKL,Entertainment / Awards
KX538APPROVEMIN,Politics / Government
KXWTIW,Economics / Finance
KXGRAMMYNOMCOUNTLG,Entertainment / Awards
GDPUSMIN,Economics / Finance
KXRAINCHIM,Weather
KXGOVNJNOMR,Politics / Government
KXSPOTIFYALBUMRELEASEDATEDRAKE,Entertainment / Awards
KXTRUMPSBA,Politics / Government
GASMIN,Economics / Finance
KXSPOTIFYSONGSALLIWANTISYOU,Entertainment / Awards
CREDITC,Economics / Finance
FEDCONF,Economics / Finance
KXCPIYOYBANK,Economics / Finance
GASMAX,Economics / Finance
KXTRUMPSS,Politics / Government
KXTOPALBUMRECORDGNX,Entertainment / Awards
KXTRUMPATTEND,Politics / Government
GOVPARTYNC,Politics / Government
KXEUROVISIONTELE,Economics / Finance
KXEURUSDMAX,Economics / Finance
KXSPOTIFYAUSTRALIAD,Entertainment / Awards
GOVPARTYVA,Politics / Government
BILLBOARDPEAKUS,Entertainment / Awards
HURCATI,Weather
GOVPARTYNH,Politics / Government
KXDJTPOSTMUSK,Politics / Government
KXGOVVANOMR,Politics / Government
KXGRAMMYNOMCOUNTJB,Entertainment / Awards
KXOSCARSVIEWER,Entertainment / Awards
HURCATH,Weather
GOVPARTYIN,Politics / Government
KXTRUMPFIRECOM,Politics / Government
GOVPARTYWV,Politics / Government
KXSPOTIFYSONGSONEHEARTONEVOICE,Entertainment / Awards
KXGOVTSPEND,Politics / Government
KXDJTMUSKAPOLOGY,Politics / Government
KXSPOTIFYSONGSBOYCRAZY,Entertainment / Awards
KXSPOTIFYSONGSCHAINSANDWHIPS,Entertainment / Awards
TOPALBUM,Entertainment / Awards
CPIDELAY,Economics / Finance
KXSPOTIFYSONGSSOMEBODY,Entertainment / Awards
GRAMBRA,Entertainment / Awards
GOVPARTYDE,Politics / Government
KXSPOTIFYBRAZILD,Entertainment / Awards
KXCENAMENTION,Politics / Government
CREDITRATING,Economics / Finance
FEDMEET,Economics / Finance
GOVPARTYMT,Politics / Government
GOVPARTYWA,Politics / Government
GOVPARTYNJ,Politics / Government
KXTOPALBUMBYTAYLORSWIFT,Entertainment / Awards
KXSPOTIFYSONGSLOVESONG,Entertainment / Awards
KXNETFLIXSHOWRANKD,Entertainment / Awards
KXSPOTIFY2BILLION,Entertainment / Awards
KXSPOTIFYSONGSALM,Entertainment / Awards
TOPALBUMYEARI,Entertainment / Awards
KXTRUMPNEC,Politics / Government
KXSPOTIFYSONGRELEASETS,Entertainment / Awards
GOVPARTYUT,Politics / Government
KXSPOTIFYSONGSHAN,Entertainment / Awards
KXTRUMPCEA,Politics / Government
GDPEU,Economics / Finance
TOPALBUMBYBILLIE,Entertainment / Awards
KXTOPALBUMKENDRICK,Entertainment / Awards
KXSPOTIFYSONGRELEASELDR,Entertainment / Awards
KXSPOTIFYALBUMRELEASEDATEJACKBOYS2,Entertainment / Awards
TOPALBUMBYSABRINA,Entertainment / Awards
KXTRUMPPARDONMONTH,Politics / Government
KXTRUMPFOOTBALL,Politics / Government
KXTRUMPSCOTUS,Politics / Government
KXDJTPARAMOUNT,Politics / Government
CRED,Economics / Finance
KXSPOTIFYSONGTAYLORSWIFT,Entertainment / Awards
KXTRUMPMEETDLEAD,Politics / Government
GOVPARTYMO,Politics / Government
KXDJTMEN,Politics / Government
KXTRUMPNOMW,Politics / Government
KXDJTPUTINHANDSHAKE,Politics / Government
TOPALBUMBYPOSTMALONE,Entertainment / Awards
TOPALBUMJCOLE,Entertainment / Awards
FEDFACILITY,Economics / Finance
KX538CALL,Politics / Government
KXCREDITRATING,Economics / Finance
KXRAINNOSB,Weather
KXINXEU,Economics / Finance
KXSPOTIFY4BILLION,Entertainment / Awards
KXSPOTIFYCANADAD,Entertainment / Awards
TOPALBUMBYBEY,Entertainment / Awards
KXTRUMPSAYEP,Politics / Government
KXBERNIERSEAT,Politics / Government
FEDHIKE,Economics / Finance
TOPALBUMBYICESPICE,Entertainment / Awards
KXSPOTIFYSONGCITYLAW,Entertainment / Awards
GDPUSMAX,Economics / Finance
BIDENVNEBRASKA,Politics / Government
KXGOVREOPEN2025,Politics / Government
GOVBALL,Politics / Government
KXNETFLIXMOVIERANKD,Entertainment / Awards
KXTRUMPAPOLOGY,Politics / Government
KXTRUMPELONCALL,Politics / Government
KXSPOTIFYSONGCITYMIAMIW,Entertainment / Awards
TOPALBUMBYARI,Entertainment / Awards
TOPALBUMROCKY,Entertainment / Awards
KXTRUMPWESTERNWALL,Politics / Government
KXTRUMPVISITCA,Politics / Government
KXSPOTIFYSONGCITYATLANTAW,Entertainment / Awards
KXTOPALBUMBYJACKBOYS,Entertainment / Awards
KXSNOWAZ,Weather
TOPALBUMCHAPPELL,Entertainment / Awards
GOVPARTYND,Politics / Government
KXDJTASIAN,Politics / Government
KXTOPALBUMBYARI,Entertainment / Awards
RAINHOU,Weather
HURCATFL,Weather
KXTRUMPOSC,Politics / Government
KXEARNINGSMENTIONEA,Politics / Government
KXSPOTIFYSONGCITYCHICAGOW,Entertainment / Awards
KXDJTBLUEWALL,Politics / Government
KXTOPALBUMBYCARDIB,Entertainment / Awards
KXDJTJBPARDON,Politics / Government
KXDJTATTACKACB,Politics / Government
KXTRUMPPHONE,Politics / Government
KXGOVSHUT,Politics / Government
KXTRUMPCABINETSOUTHPARK,Politics / Government
KXWTIMAX,Economics / Finance
KXDJTNOGRAD,Politics / Government
KXTOPALBUMSTRAYKIDS,Entertainment / Awards
TOPALBUMYE,Entertainment / Awards
KXDJTFLOH,Politics / Government
TOPALBUMBYDONTOLIVER,Entertainment / Awards
KXDJTLATINO,Politics / Government
KXTRUMPVISITISRAEL,Politics / Government
KXFEDDCEXT,Economics / Finance
KXBILLBOARDALBUMSWAG2,Entertainment / Awards
KXBIDENNEBRASKA,Politics / Government
KXGOVCARESIGN,Politics / Government
TOPALBUMBYZEDD,Entertainment / Awards
U3MIN,Economics / Finance
KXTRUMPUN,Politics / Government
KXTRUMPNOBEL,Politics / Government
USDJPYMIN,Economics / Finance
KXTRUMPUFC322,Politics / Government
KXTRUMPCALI,Politics / Government
TOPALBUMUSHER,Entertainment / Awards
KXEURUSDMIN,Economics / Finance
TOPALBUMYEAR,Entertainment / Awards
KXTOPALBUMBYDRAKE,Entertainment / Awards
KXDJTWSJ,Politics / Government
FEDNOM,Economics / Finance
U3MAX,Economics / Finance
KXDJTOHTX,Politics / Government
KXDJTLGBT,Politics / Government
KXFEDEMPLOYEES,Economics / Finance
KXTRUMPTESLA,Politics / Government
KXTOPALBUMMORGANWALLEN,Entertainment / Awards
KXDJTPUTINCALL,Politics / Government
KXTRUMPTRICKORTREAT,Politics / Government
KXTRUMPMAMDANISHAKE,Politics / Government
KXTRUMP60MINUTES,Politics / Government
KXTRUMPMEETELON,Politics / Government
KXTRUMPSETTLECBS,Politics / Government
GASD,Economics / Finance
KXTOPALBUMBYKENDRICK,Entertainment / Awards
KXTOPSONGSKUSUGARHONEYLOVE,Entertainment / Awards
GASTAX,Economics / Finance
KXTRUMPNETFAVINAUG,Politics / Government
KXTRUMPSAYSCAM,Politics / Government
KXTOPALBUMTYLERTHECREATOR,Entertainment / Awards
KXSPOTIFYUKD,Entertainment / Awards
KXTRUMPNOMWPH,Politics / Government
KXGRAMMYDELAY,Entertainment / Awards
VAXXOMNI,Politics / Government
KXDJTFLAK,Politics / Government
KXSPOTIFYALBUMRELEASEDATEYOUNGTHUG,Entertainment / Awards
KXSPOTIFYSONGCITYNASHVILLEW,Entertainment / Awards
TOPALBUMBYMEGAN,Entertainment / Awards
KXBIDENRESIGN,Politics / Government
KXDJTPAWIN,Politics / Government
KXDJTBTC,Politics / Government
KXTOPALBUMBYSABRINA,Entertainment / Awards
TOPALBUMBYEMINEM,Entertainment / Awards
VAXXKID,Politics / Government
KXTRUMPGAZA,Politics / Government
KXTRUMPPOW,Politics / Government
KXTOPALBUMKESHA,Entertainment / Awards
KXTOPALBUMBTS,Entertainment / Awards
KXGRAMBMV,Entertainment / Awards
KXTOPALBUMKANYE,Entertainment / Awards
KXDJTCNN,Politics / Government
KXTRUMPOUT,Politics / Government
KXEARNINGSMENTIONDE,Politics / Government
GOVPARTYCO,Politics / Government
GOVPARTYME,Politics / Government
KXTOPALBUMBYMARIAHCAREY,Entertainment / Awards
KXGOVCAPRIMARY,Politics / Government
KXGRAMBAMA,Entertainment / Awards
KXGRAMBCIA,Entertainment / Awards
KXINFANTINOMENTION,Politics / Government
INXI,Economics / Finance
KXTOPALBUMJUSTINBIEBER,Entertainment / Awards
KXTRUMPSNL,Politics / Government
KXMAMDANIREDSTRICT,Politics / Government
KXCPICOREA,Economics / Finance
KXPAYROLLCANCEL,Economics / Finance
KXGRAMBAA,Entertainment / Awards
KXGRAMBSSFVMIFAT,Entertainment / Awards
KXGRAMBRR,Entertainment / Awards
GOVPARTYMS,Politics / Government
KXSPOTIFYALBUMRELEASEDATEBABYBOI,Entertainment / Awards
KXTOPALBUMSPOTIFYUSA,Entertainment / Awards
GOVPARTYSC,Politics / Government
GOVPARTYOR,Politics / Government
GOVPARTYAZ,Politics / Government
KXTRUMPREMOVE,Politics / Government
KXCMAMENTION,Politics / Government
KXGRAMBAIAV,Entertainment / Awards
KXBERNIEENDORSE,Politics / Government
KXTRUMPMOSCOW,Politics / Government
KXGASOSR,Economics / Finance
KXTOPALBUMBYTAMEIMPALA,Entertainment / Awards
KXGOVNYNOMR,Politics / Government
KXTOPALBUMBYRODDYRICCH,Entertainment / Awards
KXGOVALNOMR,Politics / Government
KXGOVWYNOMR,Politics / Government
KXGRAMBCSVA,Entertainment / Awards
KXTOPALBUMBYZEDD,Entertainment / Awards
KXTOPALBUMYJID,Entertainment / Awards
KXGRAMBSWPA,Entertainment / Awards
KXZELENSKYPUTIN,Politics / Government
KXFEDCHAIRNOM,Economics / Finance
KXGRAMMYCOUNTBAD,Entertainment / Awards
KXTRUMPSG,Politics / Government
KXSPOTIFYWRAPPEDRELEASE,Entertainment / Awards
KXTOPALBUMSPOTIFY,Entertainment / Awards
KXGOVAPPTCOUNT,Politics / Government
KXBIDENAMBIEN,Politics / Government
GOVPARTYTX,Politics / Government
KXTRUMPGA14,Politics / Government
KXGRAMNAAOCA,Entertainment / Awards
KXGRAMBTLA,Entertainment / Awards
KXKIRKMENTION,Politics / Government
KXINXY,Economics / Finance
KXTOPALBUMCHAPPELL,Entertainment / Awards
KXGOVAZNOMR,Politics / Government
KXGOVKSNOMD,Politics / Government
KXMAMDANIBOROUGHS,Politics / Government
KXTOPALBUMBYBRUCESPRINGSTEEN,Entertainment / Awards
KXGOVFORMPL,Politics / Government
KXTOPALBUMBYBILLIE,Entertainment / Awards
KXKARPMENTION,Politics / Government
KXGOVNVNOMD,Politics / Government
KXGRAMBDPR,Entertainment / Awards
GBPUSDE,Economics / Finance
KXTOPALBUMKALIUCHIS,Entertainment / Awards
KXGRAMBMUA,Entertainment / Awards
GOVPARTYMA,Politics / Government
KXFED,Economics / Finance
KXTRUMPTBPN,Politics / Government
KXEUROVISIONISRAELBAN,Economics / Finance
KXTOPSONGTOTALGOL,Entertainment / Awards
KXGOVMEET,Politics / Government
KXGRAMBLROAA,Entertainment / Awards
KXGRAMBCOMA,Entertainment / Awards
KXGRAMBIC,Entertainment / Awards
KXRAINHOUM,Weather
KXRAINDALM,Weather
KXDJTWHDINNER,Politics / Government
KXTOPSONGTHIRDUSA,Entertainment / Awards
KXDJTMUSK,Politics / Government
KXDJTUNFOLLOWMUSK,Politics / Government
KXDJTAOC,Politics / Government
KXGOVKSNOMR,Politics / Government
GOVPARTYMD,Politics / Government
GOVPARTYWI,Politics / Government
KXGRAMBAIOAC,Entertainment / Awards
KXGOVMNNOMR,Politics / Government
NASDAQ100I,Economics / Finance
KXGOVOKNOMR,Politics / Government
KXOSCARNOMACTR,Entertainment / Awards
KXTOPALBUMWIZKHALIFA,Entertainment / Awards
KXTOPALBUMBYPINKPANTHERESS,Entertainment / Awards
KXFINKMENTION,Politics / Government
KXTOPALBUMBYOLIVIA,Entertainment / Awards
KXTOPALBUMBYFRANKOCEAN,Entertainment / Awards
KXZELENSKYRUSSIA,Politics / Government
KXFEDMEET,Economics / Finance
KXGRAMBOP,Entertainment / Awards
KXAPRPOTUSEOY,Politics / Government
KXGDPYEAR,Economics / Finance
KXTOPALBUMHARRYSTYLES,Entertainment / Awards
KXGRAMBGMA,Entertainment / Awards
KXRAINLAXM,Weather
KXTOPALBUMBYARIANA,Entertainment / Awards
KXEUROZONE,Economics / Finance
KXTRUMPBBC,Politics / Government
KXGRAMBJVA,Entertainment / Awards
KXGRAMBMRP,Entertainment / Awards
KXGRAMBAMP,Entertainment / Awards
GOVPARTYNV,Politics / Government
GOVPARTYTN,Politics / Government
KXFEDRATEMIN,Economics / Finance
KXDWTSMENTION,Politics / Government
KXOSCARDEI,Entertainment / Awards
KXFLIGHTSRUSSIA,Weather
KXTRUMPRUN,Politics / Government
GOVPARTYOH,Politics / Government
KXTOPSONGRUNNERUPUSA,Entertainment / Awards
KXGOVOHNOMR,Politics / Government
KXFEDDC,Economics / Finance
KXTOPALBUMBYLORDE,Entertainment / Awards
KXSPOTIFYSONGCITYSANJUANW,Entertainment / Awards
KXGOVFLNOMD,Politics / Government
KXGRAMPOTYC,Entertainment / Awards
KXGRAMBAFMP,Entertainment / Awards
KXGRAMBTBA,Entertainment / Awards
KXGRAMBBA,Entertainment / Awards
KXGRAMBARS,Entertainment / Awards
KXTOPSONGRECORDTLOASG,Entertainment / Awards
KXNASDAQ100EU,Economics / Finance
KXGOVWINOMR,Politics / Government
GOVPARTYAL,Politics / Government
GOVPARTYIL,Politics / Government
KXOSCARNOMPIC,Entertainment / Awards
KXTOPALBUMBYZARALARSSON,Entertainment / Awards
KXTRUMPPARDONFAMILY,Politics / Government
KXOSCARNOMACTO,Entertainment / Awards
KXGRAMBRNBP,Entertainment / Awards
KXGOVRINOMD,Politics / Government
KXVANCEOUT,Politics / Government
KXGOVCANOMR,Politics / Government
KXGRAMBCIS,Entertainment / Awards
KXGRAMBARP,Entertainment / Awards
KXTRUMPSTATECOUNT,Politics / Government
KXGOVSDNOMR,Politics / Government
KXGRAMBPRNBA,Entertainment / Awards
KXGOVMINOMD,Politics / Government
KXZELENSKYYPUTINMEET,Politics / Government
KXGRAMBMTA,Entertainment / Awards
KXGRAMBJP,Entertainment / Awards
KXEUREF,Economics / Finance
GOVPARTYKS,Politics / Government
KXTOPALBUMRUNNERUPUSA,Entertainment / Awards
GOVPARTYMI,Politics / Government
KXRAINSFOM,Weather
KXRAINMIAM,Weather
CPIAR,Economics / Finance
KXTOPALBUMROCKY,Entertainment / Awards
KXGOVNMNOMR,Politics / Government
KXGRAMBEAC,Entertainment / Awards
KXGRAMBAC,Entertainment / Awards
KXGRAMBCCMPS,Entertainment / Awards
KXTRUMPOSHEA,Politics / Government
KXGOVSCNOMR,Politics / Government
GOVPARTYAR,Politics / Government
GOVPARTYPA,Politics / Government
GOVPARTYRI,Politics / Government
KXWTIE,Economics / Finance
KXGRAMBAJA,Entertainment / Awards
KXTRUMPOUT27,Politics / Government
KXTRUMPUFC,Politics / Government
KXMAMDANISWEARING,Politics / Government
KXGOVFALLNL,Politics / Government
KXTRUMPSCOTUSVOTE,Politics / Government
KXFEDGOVNOM,Economics / Finance
KXTRUMPAGCOUNT,Politics / Government
KXGOVIANOMR,Politics / Government
GOVPARTYCA,Politics / Government
KXTOPALBUMBYLILTECCA,Entertainment / Awards
KXTOPALBUMDAVIDO,Entertainment / Awards
KXFEDEND,Economics / Finance
KXTOPSONGSPOTIFYRUNNERUP,Entertainment / Awards
KXGRAMMYCOUNTLAD,Entertainment / Awards
KXEURUSDE,Economics / Finance
KXCREDITC,Economics / Finance
KXGOVTCUTS,Politics / Government
GOVPARTYWY,Politics / Government
KXAMODEIMENTION,Politics / Government
KXMAMDANISHERRILL,Politics / Government
GOVPARTYCT,Politics / Government
KXGRAMBRCP,Entertainment / Awards
KXGRAMBCMA,Entertainment / Awards
KXTOPALBUMTHIRDUSA,Entertainment / Awards
KXTOPSONGTOTALORD,Entertainment / Awards
KXGOVAK,Politics / Government
KXTOPSONGRECORDIACB,Entertainment / Awards
KXTOPALBUMRECORDSWAG2,Entertainment / Awards
KXEUROVISIONTELEVOTE,Economics / Finance
KXGRAMBTRNBP,Entertainment / Awards
KXTRUMPPUTIN2,Politics / Government
KXKAMALAGOV,Politics / Government
KXTOPALBUMBYMEGAN,Entertainment / Awards
KXTOPALBUMBLAKESHELTON,Entertainment / Awards
KXOSCARNOMSUPACTO,Entertainment / Awards
KXGOLDCARDS,Economics / Finance
KXU3MAX,Economics / Finance
KXGRAMBCDGP,Entertainment / Awards
KXTOPSONGSPOTIFY,Entertainment / Awards
KXTOPALBUMBYPOSTMALONE,Entertainment / Awards
KXGOVCA,Politics / Government
KXTOPALBUMBYJOEJONAS,Entertainment / Awards
KXDJTGOLF,Politics / Government
KXGRAMBCMSEP,Entertainment / Awards
KXTRUMPSPACE,Politics / Government
KXUSDJPYE,Economics / Finance
KXTOPALBUMTHIRD,Entertainment / Awards
KXGRAMBMP,Entertainment / Awards
KXTRUMPPRES,Politics / Government
KXTOPALBUMMETROBOOMIN,Entertainment / Awards
KXGOVOHNOMD,Politics / Government
KXTRUMPPARDONS,Politics / Government
KXTOPALBUMBYEDSHEERAN,Entertainment / Awards
GOVPARTYFL,Politics / Government
GOVPARTYNY,Politics / Government
KXGOVMINOMR,Politics / Government
KXSPOTIFYSONGCITYNYCW,Entertainment / Awards
KXNASDAQ100Y,Economics / Finance
KXWTIMIN,Economics / Finance
KXDJTMSNBC,Politics / Government
KXGRAMBSWFVM,Entertainment / Awards
KXGRAMBSSFVGAOIM,Entertainment / Awards
GOVPARTYKY,Politics / Government
KXTOPALBUMBYALEXWARREN,Entertainment / Awards
KXGRAMBGA,Entertainment / Awards
KXGRAMBRRMA,Entertainment / Awards
KXGRAMBABNASR,Entertainment / Awards
KXINXPOS,Economics / Finance
KXGRAMBCCC,Entertainment / Awards
KXOSCARNOMSBANIMATEDF,Entertainment / Awards
KXDOGSHOWMENTION,Politics / Government
KXEARNINGSMENTIONSNOW,Politics / Government
KXGOVTNNOMR,Politics / Government
KXGOVGANOMD,Politics / Government
GOVPARTYNM,Politics / Government
KXGOVNYNOMD,Politics / Government
KXDJTVOSTARIFFS,Politics / Government
KXFEDWIKI,Economics / Finance
KXEARNINGSMENTIONDELL,Politics / Government
KXTOPALBUMBYBEY,Entertainment / Awards
KXGOVWINOMD,Politics / Government
KXTRUMPPUTINTALK,Politics / Government
KXGRAMMYCOUNTKEN,Entertainment / Awards
KXGRAMMYCOUNTSAB,Entertainment / Awards
KXTOPALBUMBYICESPICE,Entertainment / Awards
KXFEDFACILITY,Economics / Finance
KXGRAMBROA,Entertainment / Awards
KXMAMDANIGRACIE,Politics / Government
KXEUROVISIONPARTICIPANTS,Economics / Finance
KXGRAMBROP,Entertainment / Awards
KXTOPSONGTOTALGOLDEN,Entertainment / Awards
GOVPARTYID,Politics / Government
GOVPARTYHI,Politics / Government
GOVPARTYMN,Politics / Government
GOVPARTYVT,Politics / Government
GOVPARTYOK,Politics / Government
KXWTIEU,Economics / Finance
KXGDPSHAREMANU,Economics / Finance
KXGOVMENOMD,Politics / Government
KXDJTMETA,Politics / Government
KXGRAMBTCA,Entertainment / Awards
KXTOPSONGRECORDLORDE,Entertainment / Awards
KXGRAMBRG,Entertainment / Awards
KXGRAMBCSFVM,Entertainment / Awards
KXGRAMBIAA,Entertainment / Awards
KXRAINSEAM,Weather
KXGRAMBEANC,Entertainment / Awards
KXGRAMBRGA,Entertainment / Awards
KXGRAMBAP,Entertainment / Awards
KXGOVCANOMD,Politics / Government
KXGRAMBCBA,Entertainment / Awards
KXTOPALBUMBYDOJACAT,Entertainment / Awards
KXGRAMBCSP,Entertainment / Awards
KXTOPALBUMBYWICKED,Entertainment / Awards
GOVPARTYNE,Politics / Government
KXTOPSONGSPOTIFYUSA,Entertainment / Awards
GOVPARTYIA,Politics / Government
KXDJTGREENLAND,Politics / Government
KXGRAMBOR,Entertainment / Awards
KXGOVAKPRIMARY,Politics / Government
KXOSCARNOMBCASTING,Entertainment / Awards
KXGOVNMNOMD,Politics / Government
KXTOPALBUMBYBCYNTHIAERIVO,Entertainment / Awards
KXGOVFLNOMR,Politics / Government
KXGRAMBMF,Entertainment / Awards
KXGRAMBDEA,Entertainment / Awards
KXGDPUSMAX,Economics / Finance
KXDJTROBERTS,Politics / Government
KXTOPALBUMBYDONTOLIVER,Entertainment / Awards
KXNASDAQ100E,Economics / Finance
KXGRAMBLJEA,Entertainment / Awards
KXGRAMBTPVA,Entertainment / Awards
KXTRUMPENDORSE,Politics / Government
KXTOPALBUMSPOTIFYRUNNERUP,Entertainment / Awards
KXGRAMBFA,Entertainment / Awards
KXGRAMBLPA,Entertainment / Awards
KXTOPSONGRECORDVIE,Entertainment / Awards
KXGRAMBJIA,Entertainment / Awards
KXGASBAN,Economics / Finance
KXGOVGANOMR,Politics / Government
KXTRUMPCONDEMNFUENTES,Politics / Government
KXGRAMBCCA,Entertainment / Awards
KXTOPSONGTHIRD,Entertainment / Awards
GOVPARTYGA,Politics / Government
KXTOPALBUMRECORDSWAG,Entertainment / Awards
KXTOPALBUMDESTROYLONELY,Entertainment / Awards
KXRAINDENM,Weather
KXGRAMBCCMA,Entertainment / Awards
KXGRAMBMMAIT,Entertainment / Awards
KXGRAMBAN,Entertainment / Awards
KXRAINAUSM,Weather
GOVPARTYLA,Politics / Government
KXTOPALBUMJCOLE,Entertainment / Awards
KXTRUMPRESIGN,Politics / Government
KXDJTCHAIN,Politics / Government
KXARMSTRONGMENTION,Politics / Government
KXGRAMBCC,Entertainment / Awards
KXGOVCTNOMD,Politics / Government
KXGOVPANOMR,Politics / Government
KXTRUMPCANBAN,Politics / Government
KXGRAMBRNBA,Entertainment / Awards
KXGOVMENOMR,Politics / Government
KXDJTNFT,Politics / Government
KXTOPALBUMLILWAYNE,Entertainment / Awards
KXTOPALBUMBYERICCHURCH,Entertainment / Awards
KXMAMDANINYC,Politics / Government
KXGRAMBGMP,Entertainment / Awards
KXGRAMBGPS,Entertainment / Awards
KXUSDJPYEU,Economics / Finance
KXBANKRUPTSY,Economics / Finance
KXTRUMPFIRE,Politics / Government
GOVPARTYSD,Politics / Government
KXTOPALBUMRECORDVIE,Entertainment / Awards
KXTOPALBUMRECORDPLAY,Entertainment / Awards
KXCFBMENTION,Politics / Government
KXHARTMENTION,Politics / Government
KXGRAMBDER,Entertainment / Awards
KXGRAMBCP,Entertainment / Awards
KXGRAMBROS,Entertainment / Awards
KXGRAMBLJA,Entertainment / Awards
KXGRAMBHA,Entertainment / Awards
